ticker,name,sector,price,shares_outstanding,revenue,gross_profit,operating_income,net_income,operating_cash_flow,capital_expenditures,total_debt,cash,total_equity,total_assets,current_assets,current_liabilities,market_cap,free_cash_flow,gross_margin,operating_margin,net_margin,current_ratio,debt_to_equity,book_value_per_share,revenue_per_share,eps,fcf_per_share,pe_ratio,pb_ratio,ps_ratio,fcf_yield,enterprise_value,ev_to_ebit,ev_to_sales,ev_to_fcf,roe,roa
AAPL,Apple Inc.,Technology,259.880005,14681140000,416161000000.000000,195201000000.000000,133050000000.000000,112010000000.000000,111482000000.000000,-12715000000.000000,98657000000.000000,35934000000.000000,73733000000.000000,359241000000.000000,147957000000.000000,165631000000.000000,3815334734885.253906,98767000000.000000,0.469052,0.319708,0.269151,0.893293,1.338030,5.022294,28.346641,7.629517,6.727475,34.062447,51.745280,9.167930,0.025887,3878057734885.253906,29.147371,9.318648,39.264711,1.519130,0.311796
ADBE,Adobe Inc.,Technology,282.440002,407636918,23769000000.000000,21218000000.000000,8706000000.000000,7130000000.000000,10031000000.000000,-179000000.000000,6648000000.000000,5431000000.000000,11623000000.000000,29496000000.000000,10163000000.000000,10200000000.000000,115132972115.127319,9852000000.000000,0.892675,0.366275,0.299971,0.996373,0.571969,28.513119,58.309243,17.491056,24.168567,16.147682,9.905616,4.843829,0.085571,116349972115.127319,13.364343,4.895030,11.809782,0.613439,0.241728
ADI,"Analog Devices, Inc.",Technology,319.709991,488204157,11019707000.000000,6773478000.000000,3002476000.000000,2267342000.000000,4812202000.000000,-533552000.000000,8664610000.000000,2499406000.000000,33815755000.000000,47992712000.000000,7108061000.000000,3245801000.000000,156083746862.803619,4278650000.000000,0.614670,0.272464,0.205753,2.189925,0.256230,69.265602,22.571924,4.644250,8.764059,68.839966,4.615711,14.164056,0.027413,162248950862.803619,54.038384,14.723527,37.920594,0.067050,0.047243
ADP,"Automatic Data Processing, Inc.",Technology,223.039993,402644364,20560900000.000000,9463600000.000000,5411900000.000000,4079700000.000000,4939700000.000000,-547000000.000000,9065400000.000000,3347800000.000000,6188000000.000000,53369300000.000000,43252200000.000000,41278300000.000000,89805796243.259216,4392700000.000000,0.460272,0.263213,0.198420,1.047819,1.464997,15.368401,51.064666,10.132266,10.909627,22.012843,14.512895,4.367795,0.048913,95523396243.259216,17.650621,4.645876,21.745941,0.659292,0.076443
ADSK,"Autodesk, Inc.",Technology,260.750000,211000000,7206000000.000000,6556000000.000000,1794000000.000000,1124000000.000000,2452000000.000000,-76000000.000000,2734000000.000000,2249000000.000000,3045000000.000000,12467000000.000000,4942000000.000000,5808000000.000000,55018250000.000000,2376000000.000000,0.909797,0.248959,0.155981,0.850895,0.897865,14.431280,34.151659,5.327014,11.260664,48.948621,18.068391,7.635061,0.043186,55503250000.000000,30.938266,7.702366,23.359954,0.369130,0.090158
AEP,"American Electric Power Company, Inc.",Utilities,131.860001,540861473,21876000000.000000,13346000000.000000,5385000000.000000,3580000000.000000,6944000000.000000,-8583000000.000000,49508000000.000000,197000000.000000,31138000000.000000,114460000000.000000,6052000000.000000,13314000000.000000,71317994159.895645,-1639000000.000000,0.610075,0.246160,0.163650,0.454559,1.589954,57.571119,40.446586,6.619070,-3.030351,19.921227,2.290385,3.260102,-0.022982,120628994159.895645,22.400927,5.514216,-73.599142,0.114972,0.031277
ALNY,"Alnylam Pharmaceuticals, Inc.",Healthcare,323.589996,132623144,3713937000.000000,3032066000.000000,501578000.000000,313747000.000000,524080000.000000,-58697000.000000,1278389000.000000,1657250000.000000,789176000.000000,4966331000.000000,4050662000.000000,1466349000.000000,42915522681.279541,465383000.000000,0.816402,0.135053,0.084478,2.762413,1.619904,5.950515,28.003687,2.365703,3.509063,136.783850,54.380167,11.555264,0.010844,42536661681.279541,84.805677,11.453253,91.401408,0.397563,0.063175
AMAT,"Applied Materials, Inc.",Technology,338.940002,793609867,28368000000.000000,13808000000.000000,8470000000.000000,6998000000.000000,7958000000.000000,-2260000000.000000,7050000000.000000,7241000000.000000,20415000000.000000,36299000000.000000,20881000000.000000,7999000000.000000,268986130258.504089,5698000000.000000,0.486746,0.298576,0.246686,2.610451,0.345334,25.724227,35.745523,8.817935,7.179850,38.437572,13.175906,9.482027,0.021183,268795130258.504089,31.734962,9.475294,47.173593,0.342787,0.192788
AMD,"Advanced Micro Devices, Inc.",Technology,202.679993,1630410843,34639000000.000000,17152000000.000000,3694000000.000000,4335000000.000000,7709000000.000000,-974000000.000000,3847000000.000000,5539000000.000000,62999000000.000000,76926000000.000000,26947000000.000000,9455000000.000000,330451657717.754333,6735000000.000000,0.495164,0.106643,0.125148,2.850026,0.061064,38.639954,21.245565,2.658839,4.130861,76.228756,5.245348,9.539873,0.020381,328759657717.754333,88.998283,9.491026,48.813609,0.068811,0.056353
AMGN,Amgen Inc.,Healthcare,376.970001,539067675,36751000000.000000,24714000000.000000,9080000000.000000,7711000000.000000,9958000000.000000,-1858000000.000000,54604000000.000000,9129000000.000000,8658000000.000000,90586000000.000000,29057000000.000000,25489000000.000000,203212342102.791595,8100000000.000000,0.672471,0.247068,0.209817,1.139982,6.306768,16.061063,68.175114,14.304326,15.025943,26.353565,23.471049,5.529437,0.039860,248687342102.791595,27.388474,6.766818,30.702141,0.890621,0.085124
AMZN,"Amazon.com, Inc.",Consumer Cyclical,213.490005,10734920870,716924000000.000000,360510000000.000000,79975000000.000000,77670000000.000000,139514000000.000000,-131819000000.000000,152987000000.000000,86810000000.000000,411065000000.000000,818042000000.000000,229083000000.000000,218005000000.000000,2291798315504.981445,7695000000.000000,0.502857,0.111553,0.108338,1.050815,0.372172,38.292318,66.784284,7.235265,0.716819,29.506866,5.575270,3.196710,0.003358,2357975315504.981445,29.483905,3.289017,306.429541,0.188948,0.094946
APP,AppLovin Corporation,Communication Services,517.229980,307070000,5480717000.000000,4815577000.000000,4151914000.000000,3333764000.000000,3971094000.000000,-28318000.000000,3544741000.000000,2487096000.000000,2134671000.000000,7259610000.000000,4430792000.000000,1333788000.000000,158825810102.539062,3942776000.000000,0.878640,0.757549,0.608272,3.321961,1.660556,6.951741,17.848429,10.856691,12.839991,47.641588,74.402946,28.979020,0.024825,159883455102.539062,38.508374,29.171996,40.550986,1.561723,0.459221
ARM,Arm Holdings plc,Technology,117.629997,1061998569,4007000000.000000,3886000000.000000,831000000.000000,792000000.000000,397000000.000000,-239000000.000000,356000000.000000,2085000000.000000,6839000000.000000,8932000000.000000,4830000000.000000,929000000.000000,124922888754.603821,158000000.000000,0.969803,0.207387,0.197654,5.199139,0.052054,6.439745,3.773075,0.745764,0.148776,157.730920,18.266251,31.176164,0.001265,123193888754.603821,148.247760,30.744669,779.708157,0.115806,0.088670
ASML,ASML Holding N.V.,Technology,1357.420044,385417665,32667300000.000000,17258000000.000000,11301400000.000000,9609400000.000000,12658500000.000000,-1631200000.000000,4390900000.000000,12916000000.000000,19612200000.000000,50566600000.000000,30616100000.000000,24263900000.000000,523173663761.599731,11027300000.000000,0.528296,0.345955,0.294160,1.261796,0.223886,50.885576,84.758180,24.932433,28.611299,54.443947,26.675929,16.015210,0.021078,514648563761.599731,45.538479,15.754242,46.670406,0.489971,0.190035
AVGO,Broadcom Inc.,Technology,345.750000,4735602612,63887000000.000000,43294000000.000000,26075000000.000000,23126000000.000000,27537000000.000000,-623000000.000000,65136000000.000000,16178000000.000000,81292000000.000000,171092000000.000000,31573000000.000000,18514000000.000000,1637334603099.000000,26914000000.000000,0.677665,0.408143,0.361983,1.705358,0.801260,17.166136,13.490786,4.883433,5.683332,70.800597,20.141399,25.628604,0.016438,1686292603099.000000,64.670857,26.394925,62.654849,0.284481,0.135167
AXON,"Axon Enterprise, Inc.",Industrials,559.059998,80397675,2779536000.000000,1658125000.000000,-62076000.000000,124656000.000000,211339000.000000,-136258000.000000,1909664000.000000,1201147000.000000,3242658000.000000,7000313000.000000,3713052000.000000,1470147000.000000,44947123989.216614,75081000.000000,0.596547,-0.022333,0.044848,2.525633,0.588919,40.332734,34.572343,1.550493,0.933870,360.569279,13.861198,16.170729,0.001670,45655640989.216614,-735.479750,16.425634,608.085148,0.038443,0.017807
BKR,Baker Hughes Company,Energy,60.099998,988236510,27733000000.000000,6544000000.000000,3557000000.000000,2588000000.000000,3810000000.000000,-1273000000.000000,6087000000.000000,3715000000.000000,18834000000.000000,40881000000.000000,18828000000.000000,13877000000.000000,59393012743.070755,2537000000.000000,0.235964,0.128259,0.093318,1.356777,0.323192,19.058191,28.063120,2.618806,2.567199,22.949387,3.153500,2.141601,0.042715,61765012743.070755,17.364356,2.227131,24.345689,0.137411,0.063306
CCEP,Coca-Cola Europacific Partners PLC,Consumer Defensive,101.599998,447227331,20438000000.000000,7211000000.000000,2535000000.000000,1418000000.000000,3061000000.000000,-939000000.000000,11331000000.000000,1563000000.000000,8489000000.000000,31100000000.000000,6638000000.000000,8149000000.000000,45438296147.185249,2122000000.000000,0.352823,0.124034,0.069381,0.814578,1.334786,18.981398,45.699354,3.170647,4.744791,32.043932,5.352609,2.223226,0.046701,55206296147.185249,21.777632,2.701159,26.016162,0.167040,0.045595
CDNS,"Cadence Design Systems, Inc.",Technology,298.049988,275875473,5296759000.000000,4574510000.000000,1649781000.000000,1108888000.000000,1728781000.000000,-141871000.000000,2616439000.000000,3001317000.000000,5474181000.000000,10153148000.000000,4669673000.000000,1635291000.000000,82224681360.029480,1586910000.000000,0.863643,0.311470,0.209352,2.855561,0.477960,19.842942,19.199818,4.019524,5.752269,74.150574,15.020454,15.523584,0.019300,81839803360.029480,49.606465,15.450921,51.571799,0.202567,0.109216
CEG,Constellation Energy Corporation,Utilities,322.989990,361990335,25533000000.000000,4693000000.000000,4198000000.000000,2319000000.000000,4237000000.000000,-2949000000.000000,8992000000.000000,3641000000.000000,14517000000.000000,57249000000.000000,12119000000.000000,7944000000.000000,116919254766.588135,1288000000.000000,0.183801,0.164415,0.090824,1.525554,0.619412,40.103281,70.535032,6.406248,3.558106,50.417962,8.053954,4.579143,0.011016,122270254766.588135,29.125835,4.788715,94.930322,0.159744,0.040507
CHTR,"Charter Communications, Inc.",Communication Services,222.809998,126631549,54774000000.000000,30968000000.000000,13324000000.000000,4987000000.000000,16077000000.000000,-11659000000.000000,97121000000.000000,477000000.000000,16054000000.000000,154213000000.000000,5144000000.000000,13306000000.000000,28214775123.530945,4418000000.000000,0.565378,0.243254,0.091047,0.386593,6.049645,126.777254,432.546237,39.381971,34.888620,5.657665,1.757492,0.515113,0.156585,124858775123.530945,9.370968,2.279526,28.261380,0.310639,0.032338
CMCSA,Comcast Corporation,Communication Services,31.040001,3588401619,123707000000.000000,88756000000.000000,20670000000.000000,19998000000.000000,33643000000.000000,-14408000000.000000,98937000000.000000,9481000000.000000,96903000000.000000,272631000000.000000,29567000000.000000,33524000000.000000,111383989539.039795,19235000000.000000,0.717470,0.167088,0.161656,0.881965,1.020990,27.004502,34.474123,5.572955,5.360325,5.569756,1.149438,0.900386,0.172691,200839989539.039795,9.716497,1.623514,10.441382,0.206371,0.073352
COST,Costco Wholesale Corporation,Consumer Defensive,1005.299988,443869411,275235000000.000000,35349000000.000000,10383000000.000000,8099000000.000000,13335000000.000000,-5498000000.000000,8173000000.000000,14161000000.000000,29164000000.000000,77099000000.000000,38380000000.000000,37108000000.000000,446221913459.972229,7837000000.000000,0.128432,0.037724,0.029426,1.034278,0.280243,65.704010,620.081026,18.246358,17.656094,55.095927,15.300436,1.621240,0.017563,440233913459.972229,42.399491,1.599484,56.173780,0.277705,0.105047
CPRT,"Copart, Inc.",Industrials,37.570000,963308388,4646958000.000000,2099643000.000000,1696714000.000000,1552449000.000000,1799750000.000000,-568990000.000000,103739000.000000,2780531000.000000,9187033000.000000,10090902000.000000,5754628000.000000,683281000.000000,36191495843.181610,1230760000.000000,0.451832,0.365124,0.334079,8.422052,0.011292,9.536959,4.823957,1.611580,1.277639,23.312518,3.939411,7.788212,0.034007,33514703843.181610,19.752713,7.212181,27.230901,0.168983,0.153846
CRWD,"CrowdStrike Holdings, Inc.",Technology,434.130005,253614090,4812005000.000000,3593076000.000000,-293292000.000000,-162502000.000000,1612349000.000000,-370859000.000000,820077000.000000,5230125000.000000,4428390000.000000,11086684000.000000,7419119000.000000,4184192000.000000,110101486130.050049,1241490000.000000,0.746690,-0.060950,-0.033770,1.773131,0.185186,17.461136,18.973729,-0.640745,4.895193,-677.539268,24.862644,22.880584,0.011276,105691438130.050049,-360.362499,21.964116,85.132734,-0.036696,-0.014657
CSCO,"Cisco Systems, Inc.",Technology,76.209999,3949893042,56654000000.000000,36790000000.000000,12504000000.000000,10180000000.000000,14193000000.000000,-905000000.000000,28093000000.000000,8346000000.000000,46843000000.000000,122291000000.000000,34986000000.000000,35064000000.000000,301021345114.584900,13288000000.000000,0.649380,0.220708,0.179687,0.997775,0.599727,11.859308,14.343173,2.577285,3.364142,29.569877,6.426176,5.313329,0.044143,320768345114.584900,25.653259,5.661883,24.139701,0.217322,0.083244
CSGP,"CoStar Group, Inc.",Real Estate,48.419998,419793301,3247000000.000000,2561000000.000000,-72000000.000000,7000000.000000,430000000.000000,-389000000.000000,1184000000.000000,1633000000.000000,8334000000.000000,10538000000.000000,2119000000.000000,746000000.000000,20326390865.755508,41000000.000000,0.788728,-0.022174,0.002156,2.840483,0.142069,19.852627,7.734759,0.016675,0.097667,2903.770124,2.438972,6.260053,0.002017,19877390865.755508,-276.074873,6.121771,484.814411,0.000840,0.000664
CSX,CSX Corporation,Industrials,40.599998,1859556799,14092000000.000000,4685000000.000000,4718000000.000000,2889000000.000000,4613000000.000000,-2902000000.000000,19352000000.000000,670000000.000000,13155000000.000000,43682000000.000000,2550000000.000000,3133000000.000000,75498003201.941498,1711000000.000000,0.332458,0.334800,0.205010,0.813916,1.471076,7.074266,7.578150,1.553596,0.920112,26.132919,5.739111,5.357508,0.022663,94180003201.941498,19.961849,6.683225,55.043836,0.219612,0.066137
CTAS,Cintas Corporation,Industrials,200.770004,399889646,10340181000.000000,5174164000.000000,2359726000.000000,1812281000.000000,2165905000.000000,-408884000.000000,2654481000.000000,263973000.000000,4684481000.000000,9825241000.000000,3436169000.000000,1644502000.000000,80285845935.932892,1757021000.000000,0.500394,0.228209,0.175266,2.089489,0.566654,11.714434,25.857586,4.531953,4.393765,44.300992,17.138685,7.764453,0.021885,82676353935.932892,35.036421,7.995639,47.054847,0.386869,0.184452
CTSH,Cognizant Technology Solutions Corporation,Technology,64.650002,478246920,21108000000.000000,7117000000.000000,3327000000.000000,2230000000.000000,2883000000.000000,-288000000.000000,1152000000.000000,1901000000.000000,15015000000.000000,20692000000.000000,7818000000.000000,3659000000.000000,30918664107.746887,2595000000.000000,0.337171,0.157618,0.105647,2.136649,0.076723,31.395916,44.136196,4.662863,5.426067,13.864872,2.059185,1.464784,0.083930,30169664107.746887,9.068129,1.429300,11.626075,0.148518,0.107771
DASH,"DoorDash, Inc.",Consumer Cyclical,176.589996,409966858,13717000000.000000,6979000000.000000,725000000.000000,935000000.000000,2431000000.000000,-605000000.000000,3290000000.000000,4378000000.000000,10033000000.000000,19659000000.000000,8643000000.000000,6147000000.000000,72396045952.876526,1826000000.000000,0.508785,0.052854,0.068164,1.406052,0.327918,24.472710,33.458802,2.280672,4.454019,77.428926,7.215792,5.277834,0.025222,71308045952.876526,98.355925,5.198516,39.051504,0.093192,0.047561
DDOG,"Datadog, Inc.",Technology,128.559998,328483364,3427158000.000000,2740201000.000000,-44373000.000000,107741000.000000,1050135000.000000,-135418000.000000,1279005000.000000,401305000.000000,3732206000.000000,6643844000.000000,5382280000.000000,1591401000.000000,42229820473.878662,914717000.000000,0.799555,-0.012947,0.031437,3.382102,0.342694,11.361933,10.433277,0.327995,2.784668,391.956827,11.314976,12.322111,0.021660,43107520473.878662,-971.480866,12.578212,47.126620,0.028868,0.016217
DXCM,"DexCom, Inc.",Healthcare,68.739998,384864842,4662000000.000000,2801900000.000000,911800000.000000,836300000.000000,1440700000.000000,-363500000.000000,1389700000.000000,917700000.000000,2746000000.000000,6339900000.000000,4033300000.000000,2142500000.000000,26455608416.919998,1077200000.000000,0.601008,0.195581,0.179387,1.882520,0.506082,7.134972,12.113343,2.172971,2.798905,31.634113,9.634235,5.674734,0.040717,26927608416.919998,29.532363,5.775978,24.997780,0.304552,0.131911
EA,Electronic Arts Inc.,Communication Services,199.270004,250253713,7463000000.000000,5920000000.000000,1577000000.000000,1121000000.000000,2079000000.000000,-221000000.000000,1951000000.000000,2136000000.000000,6386000000.000000,12368000000.000000,3276000000.000000,3459000000.000000,49868058458.709213,1858000000.000000,0.793247,0.211309,0.150208,0.947095,0.305512,25.518103,29.821735,4.479454,7.424465,44.485333,7.808966,6.682039,0.037258,49683058458.709213,31.504793,6.657250,26.740075,0.175540,0.090637
EXC,Exelon Corporation,Utilities,49.139999,1022892585,24258000000.000000,10414000000.000000,5145000000.000000,2768000000.000000,6254000000.000000,-8529000000.000000,50080000000.000000,626000000.000000,28798000000.000000,116570000000.000000,9546000000.000000,10331000000.000000,50264941002.575912,-2275000000.000000,0.429302,0.212095,0.114107,0.924015,1.739010,28.153494,23.715100,2.706051,-2.224085,18.159299,1.745432,2.072097,-0.045260,99718941002.575912,19.381718,4.110765,-43.832502,0.096118,0.023745
FANG,"Diamondback Energy, Inc.",Energy,182.860001,282078989,14929000000.000000,5221000000.000000,4918000000.000000,1664000000.000000,8758000000.000000,-9461000000.000000,14879000000.000000,104000000.000000,36972000000.000000,71059000000.000000,1915000000.000000,4600000000.000000,51580964100.707352,-703000000.000000,0.349722,0.329426,0.111461,0.416304,0.402440,131.069670,52.924892,5.899057,-2.492210,30.998176,1.395136,3.455085,-0.013629,66355964100.707352,13.492469,4.444770,-94.389707,0.045007,0.023417
FAST,Fastenal Company,Industrials,46.799999,1148328513,8200500000.000000,3691200000.000000,1655700000.000000,1258400000.000000,1295900000.000000,-245300000.000000,441900000.000000,276800000.000000,3943600000.000000,5052900000.000000,3472100000.000000,715600000.000000,53741773532.294876,1050600000.000000,0.450119,0.201902,0.153454,4.852012,0.112055,3.434209,7.141249,1.095854,0.914895,42.706432,13.627592,6.553475,0.019549,53906873532.294876,32.558358,6.573608,51.310559,0.319099,0.249045
FER,Ferrovial SE,Industrials,65.930000,718830952,9627000000.000000,8503000000.000000,967000000.000000,888000000.000000,1926000000.000000,-187000000.000000,10732000000.000000,4242000000.000000,5908000000.000000,27420000000.000000,7310000000.000000,6464000000.000000,47392524884.729797,1739000000.000000,0.883245,0.100447,0.092241,1.130879,1.816520,8.218900,13.392579,1.235339,2.419206,53.369960,8.021754,4.922876,0.036694,53882524884.729797,55.721329,5.597021,30.984776,0.150305,0.032385
FTNT,"Fortinet, Inc.",Technology,83.809998,739923583,6799600000.000000,5470700000.000000,2084700000.000000,1853400000.000000,2590600000.000000,-364800000.000000,996300000.000000,2495300000.000000,1237500000.000000,10389200000.000000,5900200000.000000,5034000000.000000,62012993684.775940,2225800000.000000,0.804562,0.306592,0.272575,1.172070,0.805091,1.672470,9.189598,2.504853,3.008148,33.459045,50.111510,9.120094,0.035892,60513993684.775940,29.027675,8.899640,27.187525,1.497697,0.178397
GEHC,GE HealthCare Technologies Inc.,Healthcare,75.629997,455749767,20625000000.000000,8247000000.000000,2762000000.000000,2084000000.000000,1987000000.000000,-482000000.000000,10463000000.000000,4492000000.000000,10379000000.000000,36906000000.000000,12501000000.000000,9105000000.000000,34468353626.455879,1505000000.000000,0.399855,0.133915,0.101042,1.372982,1.008093,22.773462,45.255097,4.572685,3.302251,16.539517,3.320971,1.671193,0.043663,40439353626.455879,14.641330,1.960696,26.870002,0.200790,0.056468
GILD,"Gilead Sciences, Inc.",Healthcare,146.630005,1241420528,29442000000.000000,23208000000.000000,11701000000.000000,8510000000.000000,10019000000.000000,-563000000.000000,24936000000.000000,7564000000.000000,22702000000.000000,59023000000.000000,18342000000.000000,11813000000.000000,182029498082.263672,9456000000.000000,0.788262,0.397425,0.289043,1.552696,1.098405,18.287115,23.716379,6.855050,7.617080,21.390070,8.018214,6.182647,0.051948,199401498082.263672,17.041407,6.772689,21.087299,0.374857,0.144181
GOOG,Alphabet Inc.,Communication Services,306.010010,5438000000,402836000000.000000,240301000000.000000,129039000000.000000,132170000000.000000,164713000000.000000,-91447000000.000000,59291000000.000000,30708000000.000000,415265000000.000000,595281000000.000000,206038000000.000000,102745000000.000000,1664082433105.468750,73266000000.000000,0.596523,0.320326,0.328099,2.005334,0.142779,76.363553,74.077970,24.304892,13.472968,12.590470,4.007278,4.130918,0.044028,1692665433105.468750,13.117472,4.201872,23.103014,0.318279,0.222030
GOOGL,Alphabet Inc.,Communication Services,306.359985,5822000000,402836000000.000000,240301000000.000000,129039000000.000000,132170000000.000000,164713000000.000000,-91447000000.000000,59291000000.000000,30708000000.000000,415265000000.000000,595281000000.000000,206038000000.000000,102745000000.000000,1783627834716.796875,73266000000.000000,0.596523,0.320326,0.328099,2.005334,0.142779,71.326864,69.192030,22.701821,12.584335,13.494952,4.295156,4.427677,0.041077,1812210834716.796875,14.043900,4.498632,24.734677,0.318279,0.222030
HON,Honeywell International Inc.,Industrials,237.589996,634887208,38498000000.000000,14662000000.000000,7660000000.000000,5705000000.000000,6097000000.000000,-1164000000.000000,32225000000.000000,10567000000.000000,18619000000.000000,75196000000.000000,27908000000.000000,21256000000.000000,150842849423.693604,4933000000.000000,0.380851,0.198971,0.148190,1.312947,1.730759,29.326469,60.637542,8.985848,7.769884,26.440464,8.101555,3.918200,0.032703,172500849423.693604,22.519693,4.480774,34.968751,0.306407,0.075868
IDXX,"IDEXX Laboratories, Inc.",Healthcare,610.450012,79624034,4303702000.000000,2659579000.000000,1360031000.000000,1059464000.000000,1181805000.000000,-138226000.000000,976062000.000000,180070000.000000,1605383000.000000,3350759000.000000,1413827000.000000,1148814000.000000,48606492527.273071,1043579000.000000,0.617975,0.316014,0.246175,1.230684,0.607993,20.162041,54.050288,13.305832,13.106332,45.878381,30.277194,11.294112,0.021470,49402484527.273071,36.324528,11.479067,47.339477,0.659945,0.316186
INSM,Insmed Incorporated,Healthcare,143.130005,215551896,606423000.000000,483485000.000000,-994776000.000000,-1276775000.000000,-935014000.000000,-32561000.000000,586671000.000000,510445000.000000,738976000.000000,2264558000.000000,1794208000.000000,468874000.000000,30851943926.979492,-967575000.000000,0.797274,-1.640400,-2.105420,3.826631,0.793897,3.428297,2.813350,-5.923284,-4.488826,-24.163963,41.749589,50.875287,-0.031362,30928169926.979492,-31.090587,51.000984,-31.964623,-1.727762,-0.563808
INTC,Intel Corporation,Technology,45.580002,4995000000,52853000000.000000,18375000000.000000,-23000000.000000,-267000000.000000,9697000000.000000,-14646000000.000000,46585000000.000000,14265000000.000000,114281000000.000000,211429000000.000000,63688000000.000000,31575000000.000000,227672109146.118164,-4949000000.000000,0.347662,-0.000435,-0.005052,2.017039,0.407636,22.879079,10.581181,-0.053453,-0.990791,-852.704529,1.992213,4.307648,-0.021737,259992109146.118164,-11304.004745,4.919155,-52.534271,-0.002336,-0.001263
INTU,Intuit Inc.,Technology,473.670013,276550000,18831000000.000000,14983000000.000000,4938000000.000000,3869000000.000000,6207000000.000000,-124000000.000000,6639000000.000000,2884000000.000000,19710000000.000000,36958000000.000000,14107000000.000000,10370000000.000000,130993442213.439941,6083000000.000000,0.795656,0.262227,0.205459,1.360366,0.336834,71.271018,68.092569,13.990237,21.996022,33.857183,6.646040,6.956266,0.046437,134748442213.439941,27.288060,7.155671,22.151643,0.196296,0.104686
KDP,Keurig Dr Pepper Inc.,Consumer Defensive,28.190001,1358666059,16603000000.000000,8999000000.000000,3653000000.000000,2079000000.000000,1991000000.000000,-503000000.000000,16141000000.000000,1026000000.000000,25516000000.000000,55459000000.000000,5266000000.000000,8290000000.000000,38300796928.815956,1488000000.000000,0.542010,0.220020,0.125218,0.635223,0.632583,18.780185,12.220074,1.530177,1.095192,18.422702,1.501050,2.306860,0.038850,53415796928.815956,14.622446,3.217238,35.897713,0.081478,0.037487
KHC,The Kraft Heinz Company,Consumer Defensive,24.440001,1183744751,24942000000.000000,8309000000.000000,4637000000.000000,-5846000000.000000,4462000000.000000,-801000000.000000,21219000000.000000,2615000000.000000,41664000000.000000,81786000000.000000,10127000000.000000,8778000000.000000,28930722346.627899,3661000000.000000,0.333133,0.185911,-0.234384,1.153680,0.509289,35.196777,21.070421,-4.938565,3.092728,-4.948806,0.694382,1.159920,0.126544,47534722346.627899,10.251180,1.905810,12.984081,-0.140313,-0.071479
KLAC,KLA Corporation,Technology,1429.099976,131076611,12156162000.000000,7404295000.000000,5014227000.000000,4061643000.000000,4081903000.000000,-340209000.000000,6088282000.000000,2078908000.000000,4692453000.000000,16067926000.000000,10698789000.000000,4085795000.000000,187321581579.987427,3741694000.000000,0.609098,0.412484,0.334122,2.618533,1.297463,35.799316,92.740893,30.986787,28.545856,46.119657,39.919757,15.409599,0.019975,191330955579.987427,38.157617,15.739421,51.134848,0.865569,0.252780
LIN,Linde plc,Basic Materials,483.619995,463394156,33986000000.000000,16597000000.000000,9254000000.000000,6898000000.000000,10350000000.000000,-5261000000.000000,28069000000.000000,5056000000.000000,38245000000.000000,86817000000.000000,13325000000.000000,15198000000.000000,224106679462.053223,5089000000.000000,0.488348,0.272289,0.202966,0.876760,0.733926,82.532331,73.341451,14.885816,10.982012,32.488646,5.859764,6.594088,0.022708,247119679462.053223,26.704093,7.271220,48.559575,0.180363,0.079454
LRCX,Lam Research Corporation,Technology,211.149994,1248771000,18435591000.000000,8979059000.000000,5900968000.000000,5358217000.000000,6173264000.000000,-759186000.000000,4484505000.000000,6390659000.000000,9861619000.000000,21345260000.000000,14516995000.000000,6568425000.000000,263677989028.106689,5414078000.000000,0.487050,0.320086,0.290645,2.210118,0.454743,7.897060,14.762988,4.290792,4.335525,49.210024,26.737799,14.302660,0.020533,261771835028.106689,44.360829,14.199265,48.350215,0.543341,0.251026
MAR,"Marriott International, Inc.",Consumer Cyclical,328.859985,264984554,26186000000.000000,5222000000.000000,4139000000.000000,2601000000.000000,3212000000.000000,-604000000.000000,17083000000.000000,358000000.000000,-3771000000.000000,27540000000.000000,3584000000.000000,8398000000.000000,87142816546.830322,2608000000.000000,0.199420,0.158062,0.099328,0.426768,-4.530098,-14.231018,98.820854,9.815666,9.842083,33.503582,-23.108676,3.327840,0.029928,103867816546.830322,25.094906,3.966540,39.826617,-0.689737,0.094444
MCHP,Microchip Technology Incorporated,Technology,65.000000,541135458,4401600000.000000,2467900000.000000,375500000.000000,-500000.000000,898100000.000000,-126000000.000000,5666100000.000000,771700000.000000,7078300000.000000,15374600000.000000,2991300000.000000,1155100000.000000,35173804770.000000,772100000.000000,0.560682,0.085310,-0.000114,2.589646,0.800489,13.080459,8.134008,-0.000924,1.426815,-70347.609540,4.969245,7.991141,0.021951,40068204770.000000,106.706271,9.103100,51.895097,-0.000071,-0.000033
MDLZ,"Mondelez International, Inc.",Consumer Defensive,58.169998,1281845669,38537000000.000000,10935000000.000000,3620000000.000000,2451000000.000000,4514000000.000000,-1279000000.000000,21804000000.000000,2125000000.000000,25838000000.000000,71487000000.000000,12951000000.000000,21864000000.000000,74564960218.600479,3235000000.000000,0.283753,0.093936,0.063601,0.592344,0.843873,20.156873,30.063682,1.912087,2.523705,30.422260,2.885864,1.934893,0.043385,94243960218.600479,26.034243,2.445545,29.132600,0.094860,0.034286
MELI,"MercadoLibre, Inc.",Consumer Cyclical,1769.520020,50697182,28893000000.000000,12858000000.000000,3201000000.000000,1997000000.000000,12116000000.000000,-1343000000.000000,11392000000.000000,3670000000.000000,6748000000.000000,42667000000.000000,33573000000.000000,28633000000.000000,89709678482.819336,10773000000.000000,0.445021,0.110788,0.069117,1.172528,1.688204,133.104045,569.913334,39.390750,212.497018,44.922223,13.294262,3.104893,0.120087,97431678482.819336,30.437888,3.372155,9.044062,0.295940,0.046804
META,"Meta Platforms, Inc.",Communication Services,647.390015,2187177748,200966000000.000000,164791000000.000000,83276000000.000000,60458000000.000000,115800000000.000000,-69691000000.000000,83897000000.000000,35873000000.000000,217243000000.000000,366021000000.000000,108722000000.000000,41836000000.000000,1415957034316.456543,46109000000.000000,0.819994,0.414379,0.300837,2.598767,0.386190,99.325718,91.883707,27.642015,21.081506,23.420507,6.517849,7.045754,0.032564,1463981034316.456543,17.579867,7.284720,31.750440,0.278297,0.165176
MPWR,"Monolithic Power Systems, Inc.",Technology,1062.000000,49118000,2790459000.000000,1539741000.000000,728636000.000000,621483000.000000,838202000.000000,-174941000.000000,19972000.000000,1099302000.000000,3531497000.000000,4194199000.000000,2183802000.000000,369365000.000000,52163316000.000000,663261000.000000,0.551788,0.261117,0.222717,5.912314,0.005655,71.898225,56.811332,12.652856,13.503420,83.933617,14.770879,18.693454,0.012715,51083986000.000000,70.109061,18.306661,77.019433,0.175983,0.148177
MRVL,"Marvell Technology, Inc.",Technology,92.650002,873449804,5767300000.000000,2382200000.000000,-366400000.000000,-885000000.000000,1681200000.000000,-291600000.000000,4343100000.000000,948300000.000000,13427000000.000000,20204500000.000000,3120300000.000000,2026800000.000000,80925125673.378632,1389600000.000000,0.413053,-0.063531,-0.153451,1.539520,0.323460,15.372377,6.602898,-1.013224,1.590933,-91.440820,6.027044,14.031718,0.017171,84319925673.378632,-230.130802,14.620347,60.679279,-0.065912,-0.043802
MSFT,Microsoft Corporation,Technology,409.410004,7425629076,281724000000.000000,193893000000.000000,128528000000.000000,101832000000.000000,136162000000.000000,-64551000000.000000,60588000000.000000,30242000000.000000,343479000000.000000,619003000000.000000,191131000000.000000,141218000000.000000,3040126827198.625977,71611000000.000000,0.688237,0.456220,0.361460,1.353446,0.176395,46.255879,37.939412,13.713586,9.643762,29.854337,8.850983,10.791153,0.023555,3070472827198.625977,23.889525,10.898868,42.877111,0.296472,0.164510
MSTR,Strategy Inc,Technology,138.949997,314112458,477233000.000000,327816000.000000,-40909000.000000,-3848152000.000000,-67241000.000000,-22512295000.000000,8236290000.000000,2301470000.000000,51042972000.000000,61641082000.000000,2564137000.000000,456492000.000000,43645925080.504852,-22579536000.000000,0.686910,-0.085721,-8.063466,5.617047,0.161360,162.499037,1.519306,-12.250874,-71.883605,-11.342048,0.855082,91.456218,-0.517334,49580745080.504852,-1211.976462,103.892114,-2.195827,-0.075390,-0.062428
MU,"Micron Technology, Inc.",Technology,389.320007,1125509261,37378000000.000000,14873000000.000000,9809000000.000000,8539000000.000000,17525000000.000000,-15857000000.000000,15278000000.000000,9642000000.000000,54165000000.000000,82798000000.000000,28841000000.000000,11454000000.000000,438183273735.996033,1668000000.000000,0.397908,0.262427,0.228450,2.517985,0.282064,48.124882,33.209856,7.586788,1.481996,51.315526,8.089786,11.723026,0.003807,443819273735.996033,45.246128,11.873810,266.078701,0.157648,0.103131
NFLX,"Netflix, Inc.",Communication Services,98.320000,4237323340,45183036000.000000,21907707000.000000,13326603000.000000,10981201000.000000,10149273000.000000,-688220000.000000,14462836000.000000,9033681000.000000,26615488000.000000,55596993000.000000,13020191000.000000,10980930000.000000,416613629495.671509,9461053000.000000,0.484866,0.294947,0.243038,1.185709,0.543399,6.281203,10.663108,2.591542,2.232790,37.938804,15.653052,9.220576,0.022709,422042784495.671509,31.669195,9.340735,44.608437,0.412587,0.197514
NVDA,NVIDIA Corporation,Technology,182.649994,24300000000,215938000000.000000,153463000000.000000,130387000000.000000,120067000000.000000,102718000000.000000,-6042000000.000000,11040000000.000000,10605000000.000000,157293000000.000000,206803000000.000000,125605000000.000000,32163000000.000000,4438394851684.570312,96676000000.000000,0.710681,0.603817,0.556025,3.905264,0.070187,6.472963,8.886337,4.941029,3.978436,36.965984,28.217370,20.554024,0.021782,4438829851684.570312,34.043500,20.556039,45.914496,0.763333,0.580586
NXPI,NXP Semiconductors N.V.,Technology,205.250000,252692845,12269000000.000000,6716000000.000000,3035000000.000000,2021000000.000000,2820000000.000000,-537000000.000000,12222000000.000000,2906000000.000000,10056000000.000000,26560000000.000000,7940000000.000000,3881000000.000000,51865206436.250000,2283000000.000000,0.547396,0.247371,0.164724,2.045864,1.215394,39.795349,48.553017,7.997852,9.034684,25.663140,5.157638,4.227338,0.044018,61181206436.250000,20.158552,4.986650,26.798601,0.200975,0.076092
ODFL,"Old Dominion Freight Line, Inc.",Industrials,197.220001,208425619,5496389000.000000,1815364000.000000,1361045000.000000,1023703000.000000,1370133000.000000,-415034000.000000,39995000.000000,120091000.000000,4311057000.000000,5470160000.000000,694833000.000000,483906000.000000,41105700833.605804,955099000.000000,0.330283,0.247625,0.186250,1.435884,0.009277,20.683911,26.370986,4.911599,4.582445,40.153932,9.534947,7.478674,0.023235,41025604833.605804,30.142725,7.464101,42.954296,0.237460,0.187143
ORLY,"O'Reilly Automotive, Inc.",Consumer Cyclical,94.610001,838487034,17781992000.000000,9174141000.000000,3460612000.000000,2538209000.000000,2761993000.000000,-1168815000.000000,8491499000.000000,193793000.000000,-763352000.000000,16538253000.000000,6744277000.000000,8775821000.000000,79329258798.511871,1593178000.000000,0.515923,0.194613,0.142740,0.768507,-11.123962,-0.910392,21.207236,3.027130,1.900063,31.254029,-103.922252,4.461213,0.020083,87626964798.511871,25.321234,4.927849,55.001365,-3.325083,0.153475
PANW,"Palo Alto Networks, Inc.",Technology,165.100006,816000000,9221500000.000000,6769900000.000000,1242900000.000000,1133900000.000000,3716000000.000000,-246200000.000000,338200000.000000,2268600000.000000,7824400000.000000,23576200000.000000,7522800000.000000,7988000000.000000,134721604980.468750,3469800000.000000,0.734143,0.134783,0.122963,0.941763,0.043224,9.588725,11.300858,1.389583,4.252206,118.812598,17.218139,14.609511,0.025755,132791204980.468750,106.839814,14.400174,38.270565,0.144918,0.048095
PAYX,"Paychex, Inc.",Technology,98.300003,358967450,5571700000.000000,4031300000.000000,2207700000.000000,1657300000.000000,1900900000.000000,-191800000.000000,5022300000.000000,1628600000.000000,4128000000.000000,16564100000.000000,8916500000.000000,6956300000.000000,35286501430.481720,1709100000.000000,0.723531,0.396235,0.297450,1.281788,1.216642,11.499650,15.521463,4.616853,4.761156,21.291559,8.548087,6.333166,0.048435,38680201430.481720,17.520588,6.942262,22.631912,0.401478,0.100054
PCAR,PACCAR Inc,Industrials,120.669998,525894443,28444800000.000000,4737500000.000000,2961700000.000000,2375800000.000000,4415800000.000000,-1386600000.000000,15636300000.000000,6307900000.000000,19264000000.000000,44336200000.000000,34342600000.000000,11155100000.000000,63459681473.868515,3029200000.000000,0.166551,0.104121,0.083523,3.078646,0.811685,36.630925,54.088421,4.517637,5.760091,26.710869,3.294211,2.230977,0.047734,72788081473.868515,24.576453,2.558924,24.028813,0.123328,0.053586
PDD,PDD Holdings Inc.,Consumer Cyclical,102.639999,1419646462,393836097000.000000,239935723000.000000,108422862000.000000,112434512000.000000,121929292000.000000,-967137000.000000,10607140000.000000,57768053000.000000,313313124000.000000,505034316000.000000,415648232000.000000,188422853000.000000,145712511993.196564,120962155000.000000,0.609227,0.275299,0.285486,2.205933,0.033855,220.697992,277.418433,79.198952,85.205830,1.295977,0.465070,0.369983,0.830143,98551598993.196564,0.908956,0.250235,0.814731,0.358857,0.222627
PEP,"PepsiCo, Inc.",Consumer Defensive,161.529999,1366649053,93925000000.000000,50859000000.000000,13491000000.000000,8240000000.000000,12087000000.000000,-4415000000.000000,49901000000.000000,9159000000.000000,20406000000.000000,107399000000.000000,27949000000.000000,32764000000.000000,220754819862.817230,7672000000.000000,0.541485,0.143636,0.087730,0.853040,2.445408,14.931412,68.726496,6.029346,5.613731,26.790633,10.818133,2.350331,0.034753,261496819862.817230,19.383057,2.784102,34.084570,0.403803,0.076723
PLTR,Palantir Technologies Inc.,Technology,156.429993,2291470751,4475446000.000000,3686269000.000000,1414015000.000000,1625033000.000000,2134473000.000000,-33882000.000000,229338000.000000,1423796000.000000,7387268000.000000,8900392000.000000,8358174000.000000,1175581000.000000,358454752795.696960,2100591000.000000,0.823665,0.315950,0.363100,7.109824,0.031045,3.223811,1.953089,0.709166,0.916700,220.583061,48.523318,80.093638,0.005860,357260294795.696960,252.656651,79.826747,170.076086,0.219978,0.182580
PYPL,"PayPal Holdings, Inc.",Financial Services,46.160000,920664542,33172000000.000000,15465000000.000000,6396000000.000000,5233000000.000000,6416000000.000000,-852000000.000000,9987000000.000000,8049000000.000000,20256000000.000000,80173000000.000000,59759000000.000000,46443000000.000000,42497875118.237740,5564000000.000000,0.466206,0.192813,0.157754,1.286717,0.493039,22.001499,36.030496,5.683938,6.043461,8.121130,2.098039,1.281137,0.130924,44435875118.237740,6.947448,1.339560,7.986318,0.258343,0.065271
QCOM,QUALCOMM Incorporated,Technology,138.110001,1067000000,44284000000.000000,24546000000.000000,12394000000.000000,5541000000.000000,14012000000.000000,-1192000000.000000,14811000000.000000,5520000000.000000,21206000000.000000,50143000000.000000,25754000000.000000,9144000000.000000,147363370651.245117,12820000000.000000,0.554286,0.279875,0.125124,2.816492,0.698434,19.874414,41.503280,5.193065,12.014995,26.595086,6.949136,3.327689,0.086996,156654370651.245117,12.639533,3.537494,12.219530,0.261294,0.110504
REGN,"Regeneron Pharmaceuticals, Inc.",Healthcare,781.599976,103902660,14342900000.000000,12242200000.000000,3702000000.000000,4504900000.000000,4978900000.000000,-1213700000.000000,2705900000.000000,3118100000.000000,31256900000.000000,40558700000.000000,18021900000.000000,4368400000.000000,81210316519.313965,3765200000.000000,0.853537,0.258107,0.314086,4.125515,0.086570,300.828679,138.041702,43.356927,36.237763,18.027107,2.598156,5.662057,0.046364,80798116519.313965,21.825531,5.633318,21.459183,0.144125,0.111071
ROP,"Roper Technologies, Inc.",Technology,363.059998,102927515,7902500000.000000,5472000000.000000,2235400000.000000,1536300000.000000,2540300000.000000,-104700000.000000,9349300000.000000,297400000.000000,19881500000.000000,34577000000.000000,1928100000.000000,3725600000.000000,37368863344.612122,2435600000.000000,0.692439,0.282873,0.194407,0.517527,0.470251,193.160206,76.777332,14.926038,23.663255,24.323936,1.879580,4.728739,0.065177,46420763344.612122,20.766200,5.874187,19.059272,0.077273,0.044431
ROST,"Ross Stores, Inc.",Consumer Cyclical,212.149994,323444928,21129219000.000000,5868713000.000000,2585586000.000000,2090730000.000000,2356988000.000000,-720104000.000000,5682429000.000000,4730744000.000000,5509195000.000000,14905332000.000000,7538696000.000000,4661825000.000000,68618839501.048828,1636884000.000000,0.277753,0.122370,0.098950,1.617113,1.031445,17.032869,65.325554,6.463944,5.060781,32.820517,12.455330,3.247580,0.023855,69570524501.048828,26.907063,3.292622,42.501805,0.379498,0.140267
SBUX,Starbucks Corporation,Consumer Cyclical,99.769997,1139300000,37184400000.000000,8467300000.000000,3580800000.000000,1856400000.000000,4747500000.000000,-2305500000.000000,26611500000.000000,3219800000.000000,-8096600000.000000,32019700000.000000,7382300000.000000,10210400000.000000,113667957175.445557,2442000000.000000,0.227711,0.096298,0.049924,0.723018,-3.286750,-7.106644,32.637936,1.629422,2.143421,61.230315,-14.038974,3.056872,0.021484,137059657175.445557,38.276267,3.685945,56.125986,-0.229281,0.057977
SHOP,Shopify Inc.,Technology,133.500000,1226037779,11556000000.000000,5555000000.000000,1885000000.000000,1231000000.000000,2033000000.000000,-26000000.000000,188000000.000000,1534000000.000000,13473000000.000000,15189000000.000000,8296000000.000000,1392000000.000000,163676043496.500000,2007000000.000000,0.480703,0.163119,0.106525,5.959770,0.013954,10.989058,9.425484,1.004047,1.636981,132.961855,12.148448,14.163728,0.012262,162330043496.500000,86.116734,14.047252,80.881935,0.091368,0.081045
SNPS,"Synopsys, Inc.",Technology,437.220001,191562027,7054178000.000000,5430629000.000000,914927000.000000,1332220000.000000,1518608000.000000,-169454000.000000,14293418000.000000,2888030000.000000,28327602000.000000,48224461000.000000,6012102000.000000,3722494000.000000,83754749678.780365,1349154000.000000,0.769846,0.129700,0.188855,1.615074,0.504576,147.876917,36.824511,6.954510,7.042909,62.868558,2.956648,11.873070,0.016108,95160137678.780365,104.008448,13.489897,70.533192,0.047029,0.027625
STX,Seagate Technology Holdings plc,Technology,374.329987,224025376,9097000000.000000,3200000000.000000,1915000000.000000,1469000000.000000,1083000000.000000,-265000000.000000,4995000000.000000,891000000.000000,-453000000.000000,8023000000.000000,3653000000.000000,2648000000.000000,83859415989.926758,818000000.000000,0.351764,0.210509,0.161482,1.379532,-11.026490,-2.022092,40.607007,6.557293,3.651372,57.086056,-185.120124,9.218359,0.009754,87963415989.926758,45.933899,9.669497,107.534738,-3.242826,0.183099
TEAM,Atlassian Corporation,Technology,82.040001,169610457,5215304000.000000,4320453000.000000,-130392000.000000,-256687000.000000,1460393000.000000,-44850000.000000,1239331000.000000,2512874000.000000,1345654000.000000,6041970000.000000,3891237000.000000,3180859000.000000,13914842047.563011,1415543000.000000,0.828418,-0.025002,-0.049218,1.223329,0.920988,7.933791,30.748717,-1.513391,8.345847,-54.209376,10.340579,2.668079,0.101729,12641299047.563011,-96.948425,2.423885,8.930353,-0.190753,-0.042484
TMUS,"T-Mobile US, Inc.",Communication Services,217.500000,1101862739,88309000000.000000,55535000000.000000,18557000000.000000,10992000000.000000,27950000000.000000,-12523000000.000000,122269000000.000000,5598000000.000000,59203000000.000000,219237000000.000000,24461000000.000000,24500000000.000000,239655145732.500000,15427000000.000000,0.628871,0.210137,0.124472,0.998408,2.065250,53.729923,80.145191,9.975834,14.000836,21.802688,4.048024,2.713825,0.064372,356326145732.500000,19.201711,4.034992,23.097566,0.185666,0.050138
TRI,Thomson Reuters Corporation,Industrials,111.519997,444765643,7476000000.000000,5667000000.000000,1989000000.000000,1502000000.000000,2651000000.000000,-634000000.000000,2372000000.000000,371000000.000000,11914000000.000000,17940000000.000000,2228000000.000000,3468000000.000000,49600263014.311272,2017000000.000000,0.758026,0.266051,0.200910,0.642445,0.199094,26.787141,16.808852,3.377059,4.534973,33.022812,4.163191,6.634599,0.040665,51601263014.311272,25.943320,6.902256,25.583175,0.126070,0.083724
TSLA,"Tesla, Inc.",Consumer Cyclical,398.679993,3752431984,94827000000.000000,17094000000.000000,4849000000.000000,3794000000.000000,14747000000.000000,-8527000000.000000,14719000000.000000,16513000000.000000,82137000000.000000,137806000000.000000,68642000000.000000,31714000000.000000,1496019555897.487305,6220000000.000000,0.180265,0.051135,0.040010,2.164407,0.179201,21.889004,25.270811,1.011078,1.657592,394.311955,18.213711,15.776304,0.004158,1494225555897.487305,308.151280,15.757385,240.229189,0.046191,0.027531
TTWO,"Take-Two Interactive Software, Inc.",Communication Services,214.630005,185175456,5633600000.000000,3062200000.000000,-739400000.000000,-4478900000.000000,-45200000.000000,-169400000.000000,4105900000.000000,1456100000.000000,2137700000.000000,9180700000.000000,2815900000.000000,3615800000.000000,39744209025.457031,-214600000.000000,0.543560,-0.131248,-0.795033,0.778776,1.920709,11.544187,30.423038,-24.187331,-1.158901,-8.873654,18.592042,7.054851,-0.005400,42394009025.457031,-57.335690,7.525208,-197.548970,-2.095196,-0.487860
TXN,Texas Instruments Incorporated,Technology,196.199997,910463377,17682000000.000000,10083000000.000000,6140000000.000000,5001000000.000000,7153000000.000000,-4550000000.000000,14048000000.000000,3225000000.000000,16273000000.000000,34585000000.000000,13750000000.000000,3159000000.000000,178632911788.886292,2603000000.000000,0.570241,0.347246,0.282830,4.352643,0.863270,17.873316,19.420880,5.492807,2.858984,35.719438,10.977258,10.102529,0.014572,189455911788.886292,30.856012,10.714620,72.783677,0.307319,0.144600
VRSK,"Verisk Analytics, Inc.",Industrials,210.279999,137941888,3072700000.000000,2147200000.000000,1343900000.000000,908300000.000000,1436000000.000000,-244100000.000000,4900400000.000000,2178200000.000000,309000000.000000,6195500000.000000,2765400000.000000,2300300000.000000,29006420040.253906,1191900000.000000,0.698799,0.437368,0.295603,1.202191,15.858900,2.240074,22.275322,6.584657,8.640595,31.934845,93.871910,9.440043,0.041091,31728620040.253906,23.609361,10.325974,26.620203,2.939482,0.146606
VRTX,Vertex Pharmaceuticals Incorporated,Healthcare,460.869995,254034190,12001300000.000000,10350000000.000000,4554400000.000000,3953200000.000000,3631400000.000000,-437600000.000000,2030500000.000000,5084800000.000000,18665800000.000000,25643000000.000000,11201000000.000000,3861200000.000000,117076735904.898682,3193800000.000000,0.862407,0.379492,0.329398,2.900912,0.108782,73.477511,47.242853,15.561685,12.572323,29.615688,6.272259,9.755338,0.027280,114022435904.898682,25.035666,9.500840,35.701182,0.211788,0.154163
WBD,"Warner Bros. Discovery, Inc.",Communication Services,27.750000,2481014551,37296000000.000000,16411000000.000000,1309000000.000000,727000000.000000,4319000000.000000,-1231000000.000000,32567000000.000000,4566000000.000000,35919000000.000000,100085000000.000000,13206000000.000000,12500000000.000000,68848153790.250000,3088000000.000000,0.440020,0.035098,0.019493,1.056480,0.906679,14.477545,15.032560,0.293025,1.244652,94.701725,1.916761,1.845993,0.044852,96849153790.250000,73.987130,2.596771,31.363068,0.020240,0.007264
WDAY,"Workday, Inc.",Technology,148.139999,213000000,8446000000.000000,6377000000.000000,499000000.000000,526000000.000000,2461000000.000000,-272000000.000000,3362000000.000000,1543000000.000000,9034000000.000000,17977000000.000000,10545000000.000000,5548000000.000000,31553819869.995117,2189000000.000000,0.755032,0.059081,0.062278,1.900685,0.372150,42.413146,39.652582,2.469484,10.276995,59.988251,3.492785,3.735948,0.069374,33372819869.995117,66.879399,3.951317,15.245692,0.058224,0.029260
WDC,Western Digital Corporation,Technology,262.059998,339037922,9520000000.000000,3692000000.000000,2130000000.000000,1861000000.000000,1691000000.000000,-412000000.000000,4711000000.000000,2114000000.000000,5540000000.000000,14002000000.000000,5856000000.000000,5418000000.000000,88848277011.590698,1279000000.000000,0.387815,0.223739,0.195483,1.080842,0.850361,16.340355,28.079455,5.489061,3.772439,47.742223,16.037595,9.332802,0.014395,91445277011.590698,42.932055,9.605596,71.497480,0.335921,0.132910
WMT,Walmart Inc.,Consumer Defensive,124.339996,7970166964,680985000000.000000,169232000000.000000,29348000000.000000,19436000000.000000,36443000000.000000,-23783000000.000000,60114000000.000000,9037000000.000000,91013000000.000000,260823000000.000000,79458000000.000000,96584000000.000000,991010531116.136841,12660000000.000000,0.248511,0.043096,0.028541,0.822683,0.660499,11.419209,85.441748,2.438594,1.588423,50.988399,10.888670,1.455260,0.012775,1042087531116.136841,35.507957,1.530265,82.313391,0.213552,0.074518
XEL,Xcel Energy Inc.,Utilities,82.099998,623876813,14669000000.000000,6924000000.000000,2879000000.000000,2018000000.000000,4083000000.000000,-10908000000.000000,34781000000.000000,274000000.000000,23609000000.000000,81371000000.000000,5014000000.000000,7089000000.000000,51220285395.339531,-6825000000.000000,0.472016,0.196264,0.137569,0.707293,1.473209,37.842407,23.512655,3.234613,-10.939660,25.381707,2.169524,3.491737,-0.133248,85727285395.339539,29.776758,5.844112,-12.560774,0.085476,0.024800
ZS,"Zscaler, Inc.",Technology,162.619995,160790703,2673115000.000000,2054937000.000000,-127144000.000000,-41478000.000000,972453000.000000,-245760000.000000,1796576000.000000,2389023000.000000,1799273000.000000,6419888000.000000,4894290000.000000,2429611000.000000,26147783336.749146,726693000.000000,0.768742,-0.047564,-0.015517,2.014434,0.998501,11.190156,16.624811,-0.257963,4.519496,-630.401257,14.532416,9.781765,0.027792,25555336336.749146,-200.995221,9.560134,35.166620,-0.023053,-0.006461
